National LGA Name 2021,count Crash ID,Local Government Area,Population,Fatal Crashes Per 1000 People
Adelaide,11,Adelaide,26141,4.207949199
Adelaide Hills,35,Adelaide Hills,41411,8.451860617
Adelaide Plains,13,Adelaide Plains,10456,12.43305279
Albany,9,Albany,40416,2.226840855
Albury,8,Albury,56666,1.411781315
Alexandrina,22,Alexandrina,29754,7.393963837
Alice Springs,17,Alice Springs,28855,5.891526599
Alpine,9,Alpine,13187,6.824903314
Anangu Pitjantjatjara Yunkunytjatjara,4,Anangu Pitjantjatjara Yunkunytjatjara,2598,15.39645881
Ararat,12,Ararat,11754,10.20929045
Armadale,26,Armadale,100768,2.580184185
Armidale,14,Armidale,29360,4.768392371
Ashburton,7,Ashburton,7834,8.935409752
Augusta Margaret River,11,Augusta Margaret River,17901,6.144908106
Ballarat,25,Ballarat,115951,2.156083173
Ballina,18,Ballina,46850,3.842049093
Balonne,4,Balonne,4353,9.189065013
Balranald,7,Balranald,2210,31.67420814
Banana,11,Banana,14779,7.442993437
Banyule,17,Banyule,127348,1.334924773
Barcaldine,1,Barcaldine,2865,3.490401396
Barcoo,2,Barcoo,315,63.49206349
Barkly,20,Barkly,7214,27.72387025
Barossa,28,Barossa,25869,10.8237659
Barunga West,3,Barunga West,2673,11.22334456
Bass Coast,14,Bass Coast,41798,3.349442557
Bassendean,2,Bassendean,16600,1.204819277
Bathurst,28,Bathurst,44112,6.347479144
Baw Baw,29,Baw Baw,59248,4.894679989
Bayside (NSW),37,Bayside (NSW),177945,2.079294164
Bayside (Vic.),2,Bayside (Vic.),102177,0.195738767
Bayswater,10,Bayswater,72165,1.385713296
Bega Valley,20,Bega Valley,35988,5.557408025
Bellingen,19,Bellingen,13262,14.32664756
Belmont,6,Belmont,44303,1.354310092
Benalla,12,Benalla,14457,8.300477277
Berri Barmera,4,Berri Barmera,10713,3.733781387
Berrigan,6,Berrigan,8653,6.934011326
Beverley,3,Beverley,1738,17.26121979
Blacktown,52,Blacktown,410897,1.265523963
Bland,12,Bland,5494,21.84200946
Blayney,6,Blayney,7591,7.904096957
Blue Mountains,16,Blue Mountains,77913,2.053572575
Boddington,6,Boddington,1757,34.14911781
Bogan,9,Bogan,2454,36.67481663
Boroondara,18,Boroondara,169500,1.061946903
Bourke,2,Bourke,2348,8.517887564
Break O'Day,10,Break O'Day,7009,14.26737052
Brewarrina,4,Brewarrina,1431,27.95248078
Bridgetown-Greenbushes,5,Bridgetown-Greenbushes,5526,9.048136084
Brighton,12,Brighton,19691,6.09415469
Brimbank,58,Brimbank,193256,3.00120048
Brisbane,123,Brisbane,1283002,0.9586890745
Broken Hill,1,Broken Hill,17569,0.5691843588
Brookton,6,Brookton,955,62.82722513
Broome,9,Broome,18353,4.903830436
Broomehill-Tambellup,8,Broomehill-Tambellup,1087,73.59705612
Bruce Rock,4,Bruce Rock,1019,39.25417076
Bulloo,1,Bulloo,343,29.15451895
Buloke,12,Buloke,6118,19.61425302
Bunbury,6,Bunbury,34393,1.74454104
Bundaberg,57,Bundaberg,102076,5.584074611
Burdekin,11,Burdekin,16869,6.520837038
Burke,1,Burke,432,23.14814815
Burnie,8,Burnie,20472,3.907776475
Burnside,6,Burnside,46694,1.284961665
Burwood,5,Burwood,40832,1.224529781
Busselton,25,Busselton,42911,5.826011978
Byron,13,Byron,36510,3.56066831
Cabonne,21,Cabonne,13844,15.16902629
Cairns,36,Cairns,171970,2.093388382
Cambridge,5,Cambridge,30119,1.660081676
Camden,16,Camden,127806,1.251897407
Campaspe,32,Campaspe,38541,8.30284632
Campbelltown (NSW),23,Campbelltown (NSW),180365,1.275191972
Campbelltown (SA),7,Campbelltown (SA),56024,1.249464515
Canada Bay,8,Canada Bay,89210,0.8967604529
Canning,16,Canning,99593,1.606538612
Canterbury-Bankstown,59,Canterbury-Bankstown,372066,1.585740164
Capel,11,Capel,19002,5.78886433
Cardinia,51,Cardinia,123104,4.142838576
Carnamah,3,Carnamah,572,52.44755245
Carnarvon,6,Carnarvon,5518,10.87350489
Carpentaria,2,Carpentaria,2171,9.212344542
Carrathool,9,Carrathool,2829,31.81336161
Casey,56,Casey,378831,1.478231718
Cassowary Coast,18,Cassowary Coast,29605,6.080054045
Ceduna,5,Ceduna,3651,13.69487812
Central Coast (NSW),98,Central Coast (NSW),349173,2.80663167
Central Coast (Tas.),9,Central Coast (Tas.),23345,3.85521525
Central Darling,4,Central Darling,1749,22.87021155
Central Desert,15,Central Desert,4107,36.5230095
Central Goldfields,10,Central Goldfields,13516,7.39863865
Central Highlands (Qld),20,Central Highlands (Qld),28530,7.010164739
Central Highlands (Tas.),7,Central Highlands (Tas.),2586,27.06883217
Cessnock,31,Cessnock,65878,4.705668053
Chapman Valley,3,Chapman Valley,1636,18.33740831
Charles Sturt,24,Charles Sturt,124864,1.922091235
Charters Towers,14,Charters Towers,11981,11.68516818
Chittering,7,Chittering,6296,11.11817027
Circular Head,6,Circular Head,8367,7.171029043
Clare and Gilbert Valleys,10,Clare and Gilbert Valleys,9383,10.65757221
Claremont,2,Claremont,11718,1.7067759
Clarence,15,Clarence,63086,2.377706623
Clarence Valley,60,Clarence Valley,54662,10.97654678
Cleve,3,Cleve,1765,16.99716714
Cloncurry,10,Cloncurry,3789,26.39218791
Cobar,5,Cobar,4046,12.35788433
Cockburn,26,Cockburn,125123,2.077955292
Coffs Harbour,28,Coffs Harbour,79725,3.51207275
Colac Otway,26,Colac Otway,22188,11.71804579
Collie,10,Collie,9150,10.92896175
Coober Pedy,1,Coober Pedy,1574,6.353240152
Cook,13,Cook,4673,27.81938797
Coolamon,6,Coolamon,4465,13.43784994
Coolgardie,8,Coolgardie,3635,22.00825309
Coomalie,5,Coomalie,1396,35.81661891
Coonamble,3,Coonamble,3825,7.843137255
Coorong,17,Coorong,5576,30.48780488
Cootamundra-Gundagai,16,Cootamundra-Gundagai,11404,14.03016485
Copper Coast,6,Copper Coast,15648,3.834355828
Corangamite,26,Corangamite,15993,16.25711249
Corrigin,4,Corrigin,1022,39.13894325
Cowra,10,Cowra,12705,7.870916962
Cranbrook,1,Cranbrook,1141,8.764241893
Croydon,1,Croydon,268,37.31343284
Cuballing,3,Cuballing,929,32.29278794
Cue,3,Cue,230,130.4347826
Cumberland,45,Cumberland,237420,1.895375284
Cunderdin,2,Cunderdin,1344,14.88095238
Dalwallinu,3,Dalwallinu,1428,21.00840336
Dandaragan,10,Dandaragan,3573,27.98768542
Dardanup,16,Dardanup,15370,10.40988939
Darebin,21,Darebin,150483,1.395506469
Darwin,32,Darwin,84846,3.771539024
Denmark,6,Denmark,6537,9.178522258
Derby-West Kimberley,16,Derby-West Kimberley,8405,19.03628792
Derwent Valley,7,Derwent Valley,11236,6.22997508
Devonport,6,Devonport,26937,2.227419534
Donnybrook-Balingup,13,Donnybrook-Balingup,6398,20.31884964
Doomadgee,1,Doomadgee,1442,6.93481276
Dorset,3,Dorset,7022,4.272287098
Douglas,9,Douglas,12660,7.109004739
Dowerin,1,Dowerin,733,13.6425648
Dubbo,40,Dubbo,55894,7.156403192
Dumbleyung,3,Dumbleyung,693,43.29004329
Dundas,8,Dundas,695,115.1079137
Dungog,5,Dungog,9722,5.142974697
East Arnhem,9,East Arnhem,10111,8.901196716
East Gippsland,38,East Gippsland,48922,7.767466579
East Pilbara,8,East Pilbara,10304,7.763975155
Edward River,4,Edward River,8457,4.729809625
Elliston,2,Elliston,1032,19.37984496
Esperance,8,Esperance,14496,5.518763797
Etheridge,3,Etheridge,720,41.66666667
Eurobodalla,37,Eurobodalla,40755,9.078640658
Exmouth,1,Exmouth,3312,3.019323671
Fairfield,46,Fairfield,206807,2.224296083
Federation,17,Federation,12854,13.22545511
Flinders (Qld),1,Flinders (Qld),1535,6.51465798
Flinders Ranges,2,Flinders Ranges,1683,11.8835413
Forbes,12,Forbes,9339,12.84934147
Franklin Harbour,3,Franklin Harbour,1327,22.60738508
Frankston,28,Frankston,141078,1.984717674
Fraser Coast,36,Fraser Coast,115079,3.128285786
Fremantle,6,Fremantle,33749,1.777830454
Gannawarra,7,Gannawarra,10531,6.647042066
Gawler,6,Gawler,26121,2.297002412
George Town,2,George Town,7267,2.752167332
Georges River,19,Georges River,153232,1.23994988
Gilgandra,8,Gilgandra,4299,18.60897883
Gingin,14,Gingin,5890,23.76910017
Gladstone,27,Gladstone,65302,4.134635999
Glamorgan-Spring Bay,3,Glamorgan-Spring Bay,5187,5.783689994
Glen Eira,13,Glen Eira,151694,0.8569884109
Glen Innes Severn,17,Glen Innes Severn,8945,19.00503074
Glenelg,21,Glenelg,20041,10.47851904
Glenorchy,16,Glenorchy,51009,3.136701366
Gnowangerup,4,Gnowangerup,1262,31.69572108
Gold Coast,84,Gold Coast,647078,1.298143346
Golden Plains,22,Golden Plains,25312,8.691529709
Goomalling,1,Goomalling,984,10.16260163
Goondiwindi,7,Goondiwindi,10410,6.724303554
Gosnells,15,Gosnells,132915,1.128540797
Goulburn Mulwaree,32,Goulburn Mulwaree,32428,9.868015295
Goyder,9,Goyder,4144,21.71814672
Grant,11,Grant,8927,12.3221687
Greater Bendigo,46,Greater Bendigo,122647,3.750601319
Greater Dandenong,33,Greater Dandenong,159151,2.073502523
Greater Geelong,65,Greater Geelong,276446,2.351272943
Greater Geraldton,19,Greater Geraldton,41495,4.578864923
Greater Hume,23,Greater Hume,11267,20.41359723
Greater Shepparton,51,Greater Shepparton,68925,7.399347116
Griffith,11,Griffith,27014,4.071962686
Gunnedah,8,Gunnedah,13144,6.086427267
Gwydir,5,Gwydir,4924,10.15434606
Gympie,51,Gympie,55112,9.253883002
Halls Creek,7,Halls Creek,4110,17.03163017
Harvey,26,Harvey,30147,8.624407072
Hawkesbury,33,Hawkesbury,67862,4.86280982
Hay,4,Hay,2834,14.11432604
Hepburn,19,Hepburn,16567,11.46858212
Hilltops,21,Hilltops,19239,10.91532824
Hinchinbrook,2,Hinchinbrook,11089,1.803589142
Hindmarsh,3,Hindmarsh,5599,5.358099661
Hobart,16,Hobart,55981,2.858112574
Hobsons Bay,17,Hobsons Bay,91803,1.851791336
Holdfast Bay,7,Holdfast Bay,38052,1.839587932
Hope Vale,3,Hope Vale,1004,29.88047809
Hornsby,30,Hornsby,151747,1.976974833
Horsham,22,Horsham,20337,10.81772139
Hume,41,Hume,252987,1.620636634
Hunters Hill,4,Hunters Hill,13924,2.872737719
Huon Valley,10,Huon Valley,19214,5.204538357
Indigo,17,Indigo,17418,9.760018372
Inner West,25,Inner West,183105,1.365336829
Inverell,18,Inverell,17966,10.01892464
Ipswich,37,Ipswich,242653,1.52481115
Irwin,8,Irwin,3794,21.08592514
Isaac,23,Isaac,22746,10.11166799
Jerramungup,3,Jerramungup,1196,25.08361204
Joondalup,21,Joondalup,165509,1.268813176
Junee,12,Junee,6465,18.56148492
Kalamunda,16,Kalamunda,61256,2.61198903
Kalgoorlie-Boulder,16,Kalgoorlie-Boulder,30726,5.207316279
Kangaroo Island,11,Kangaroo Island,5088,21.61949686
Karoonda East Murray,2,Karoonda East Murray,1027,19.47419669
Karratha,5,Karratha,23787,2.101988481
Katanning,1,Katanning,4233,2.362390739
Katherine,8,Katherine,10836,7.38279808
Kellerberrin,2,Kellerberrin,1180,16.94915254
Kempsey,24,Kempsey,31180,7.697241822
Kent,2,Kent,510,39.21568627
Kentish,5,Kentish,6805,7.347538575
Kiama,5,Kiama,22964,2.177321024
Kimba,1,Kimba,1059,9.442870633
King Island,4,King Island,1675,23.88059701
Kingborough,10,Kingborough,40933,2.443016637
Kingston (SA),6,Kingston (SA),2377,25.24190156
Kingston (Vic.),28,Kingston (Vic.),160005,1.749945314
Knox,24,Knox,159465,1.505032452
Kojonup,4,Kojonup,1974,20.26342452
Kondinin,5,Kondinin,866,57.73672055
Ku-ring-gai,14,Ku-ring-gai,124172,1.12746835
Kulin,2,Kulin,783,25.54278416
Kwinana,12,Kwinana,49500,2.424242424
Kyogle,16,Kyogle,9453,16.92584365
Lachlan,7,Lachlan,6139,11.40250855
Lake Grace,4,Lake Grace,1288,31.05590062
Lake Macquarie,69,Lake Macquarie,216603,3.185551447
Lane Cove,5,Lane Cove,40076,1.247629504
Latrobe (Tas.),13,Latrobe (Tas.),12922,10.06036217
Latrobe (Vic.),34,Latrobe (Vic.),77668,4.377607251
Launceston,36,Launceston,71878,5.008486602
Leeton,5,Leeton,11454,4.365287236
Light,22,Light,16321,13.4795662
Lismore,27,Lismore,44276,6.098111844
Litchfield,53,Litchfield,23087,22.95664227
Lithgow,14,Lithgow,20813,6.726565128
Liverpool,40,Liverpool,239755,1.668369794
Liverpool Plains,8,Liverpool Plains,7660,10.44386423
Livingstone,18,Livingstone,40905,4.400440044
Lockhart,3,Lockhart,3370,8.902077151
Lockhart River,1,Lockhart River,656,15.24390244
Lockyer Valley,19,Lockyer Valley,42625,4.457478006
Loddon,17,Loddon,7748,21.9411461
Logan,76,Logan,363057,2.093335206
Longreach,3,Longreach,3721,8.062348831
Lower Eyre Peninsula,4,Lower Eyre Peninsula,6099,6.558452205
Loxton Waikerie,19,Loxton Waikerie,11927,15.93024231
MacDonnell,26,MacDonnell,6629,39.22160205
Macedon Ranges,27,Macedon Ranges,52179,5.174495487
Mackay,36,Mackay,124963,2.880852732
Maitland,20,Maitland,93616,2.136386942
Mandurah,16,Mandurah,95568,1.674200569
Manjimup,9,Manjimup,9410,9.564293305
Manningham,14,Manningham,126491,1.106798112
Mansfield,11,Mansfield,10335,10.64344461
Maranoa,13,Maranoa,13100,9.923664122
Mareeba,24,Mareeba,23367,10.27089485
Maribyrnong,19,Maribyrnong,87526,2.170783539
Marion,18,Marion,96659,1.862216659
Maroondah,18,Maroondah,115689,1.555895548
McKinlay,2,McKinlay,846,23.64066194
Meander Valley,17,Meander Valley,21356,7.96029219
Meekatharra,5,Meekatharra,1293,38.66976025
Melbourne,26,Melbourne,159993,1.625071097
Melton,35,Melton,193155,1.812016256
Melville,7,Melville,107329,0.6522002441
Menzies,2,Menzies,571,35.0262697
Merredin,2,Merredin,3232,6.188118812
Mid Murray,16,Mid Murray,9416,16.99235344
Mid-Coast,66,Mid-Coast,97237,6.787539723
Mid-Western,31,Mid-Western,25795,12.01783291
Mildura,25,Mildura,57216,4.369407159
Mingenew,1,Mingenew,423,23.64066194
Mitcham,14,Mitcham,68363,2.047891403
Mitchell,32,Mitchell,51654,6.195067178
Moira,39,Moira,30571,12.75718818
Monash,44,Monash,194877,2.257834429
Moonee Valley,19,Moonee Valley,123038,1.544238365
Moora,3,Moora,2376,12.62626263
Moorabool,29,Moorabool,38506,7.531293824
Morawa,1,Morawa,668,14.97005988
Moree Plains,11,Moree Plains,12869,8.547672702
Moreland,22,Moreland,174735,1.259049418
Moreton Bay,88,Moreton Bay,496777,1.771418564
Mornington,2,Mornington,1065,18.77934272
Mornington Peninsula,54,Mornington Peninsula,169663,3.182779981
Mosman,1,Mosman,28123,0.3555808413
Mosman Park,1,Mosman Park,9605,1.041124414
Mount Alexander,17,Mount Alexander,20317,8.367377073
Mount Barker,18,Mount Barker,41089,4.380734503
Mount Gambier,2,Mount Gambier,27749,0.7207466936
Mount Isa,7,Mount Isa,19047,3.675119441
Mount Magnet,3,Mount Magnet,701,42.79600571
Mount Marshall,2,Mount Marshall,463,43.19654428
Mount Remarkable,6,Mount Remarkable,2912,20.6043956
Moyne,11,Moyne,17470,6.2965083
Mundaring,16,Mundaring,40498,3.950812386
Murray,20,Murray,19110,10.46572475
Murray Bridge,19,Murray Bridge,22538,8.430206762
Murray River,9,Murray River,13016,6.914566687
Murrindindi,36,Murrindindi,15348,23.45582486
Murrumbidgee,6,Murrumbidgee,3566,16.82557487
Murweh,1,Murweh,3961,2.524614996
Muswellbrook,20,Muswellbrook,16540,12.09189843
Nambucca Valley,18,Nambucca Valley,20610,8.733624454
Nannup,4,Nannup,1592,25.12562814
Naracoorte Lucindale,15,Naracoorte Lucindale,8917,16.82180105
Narrabri,22,Narrabri,12721,17.29423787
Narrandera,9,Narrandera,5721,15.73151547
Narrogin,2,Narrogin,4956,4.03551251
Narromine,18,Narromine,6430,27.99377916
Nedlands,3,Nedlands,22973,1.305880817
Newcastle,36,Newcastle,171528,2.098782706
Ngaanyatjarraku,1,Ngaanyatjarraku,1477,6.770480704
Nillumbik,17,Nillumbik,63041,2.696657731
Noosa,17,Noosa,57329,2.965340404
North Burnett,15,North Burnett,10216,14.68285043
North Sydney,10,North Sydney,69341,1.442148224
Northam,17,Northam,11934,14.24501425
Northampton,6,Northampton,3341,17.958695
Northern Areas,1,Northern Areas,4663,2.14454214
Northern Beaches,29,Northern Beaches,263298,1.101413607
Northern Grampians,21,Northern Grampians,11875,17.68421053
Northern Midlands,14,Northern Midlands,14138,9.90239072
Northern Peninsula Area,3,Northern Peninsula Area,2890,10.38062284
Norwood Payneham and St Peters,7,Norwood Payneham and St Peters,38005,1.841862913
Nungarin,1,Nungarin,261,38.31417625
Oberon,5,Oberon,5597,8.933357156
Onkaparinga,38,Onkaparinga,178550,2.128255391
Orange,12,Orange,43963,2.729568046
Orroroo Carrieton,2,Orroroo Carrieton,890,22.47191011
Palmerston,12,Palmerston,40471,2.965086111
Parkes,13,Parkes,14347,9.061127762
Parramatta,48,Parramatta,260379,1.843466639
Penrith,47,Penrith,220908,2.127582523
Perenjori,2,Perenjori,652,30.67484663
Perth,9,Perth,30466,2.954112781
Pingelly,3,Pingelly,1067,28.11621368
Plantagenet,16,Plantagenet,5586,28.64303616
Playford,36,Playford,103414,3.481153422
Pormpuraaw,1,Pormpuraaw,637,15.69858713
Port Adelaide Enfield,21,Port Adelaide Enfield,135806,1.546323432
Port Augusta,13,Port Augusta,14451,8.995917238
Port Hedland,16,Port Hedland,17015,9.403467529
Port Lincoln,2,Port Lincoln,14956,1.337255951
Port Macquarie-Hastings,41,Port Macquarie-Hastings,88311,4.642683244
Port Phillip,13,Port Phillip,103990,1.250120204
Port Pirie,13,Port Pirie,17621,7.377560865
Port Stephens,43,Port Stephens,76672,5.608305509
Prospect,5,Prospect,22744,2.198381991
Pyrenees,12,Pyrenees,7651,15.68422428
Quairading,5,Quairading,982,50.91649695
Queanbeyan-Palerang,21,Queanbeyan-Palerang,64233,3.269347532
Quilpie,2,Quilpie,703,28.44950213
Randwick,15,Randwick,135686,1.105493566
Ravensthorpe,3,Ravensthorpe,2200,13.63636364
Redland,15,Redland,163732,0.9161312389
Renmark Paringa,7,Renmark Paringa,10035,6.975585451
Richmond Valley,24,Richmond Valley,23702,10.12572779
Robe,2,Robe,1588,12.59445844
Rockhampton,20,Rockhampton,83604,2.392230037
Rockingham,27,Rockingham,143653,1.879529143
Roper Gulf,29,Roper Gulf,7477,38.7856092
Ryde,18,Ryde,131122,1.372767346
Salisbury,45,Salisbury,147932,3.041938188
Sandstone,1,Sandstone,119,84.03361345
Scenic Rim,39,Scenic Rim,44333,8.797058625
Serpentine-Jarrahdale,26,Serpentine-Jarrahdale,34773,7.477065539
Shark Bay,1,Shark Bay,1081,9.250693802
Shellharbour,14,Shellharbour,78332,1.787264464
Shoalhaven,59,Shoalhaven,109611,5.382671447
Singleton,37,Singleton,25093,14.74514805
Snowy Monaro,30,Snowy Monaro,21823,13.74696421
Snowy Valleys,20,Snowy Valleys,14936,13.39046599
Somerset,35,Somerset,25713,13.6117917
Sorell,7,Sorell,17430,4.016064257
South Burnett,27,South Burnett,33789,7.990766226
South Gippsland,35,South Gippsland,30697,11.40176564
South Perth,2,South Perth,45137,0.4430954649
Southern Downs,19,Southern Downs,36994,5.135967995
Southern Grampians,13,Southern Grampians,16393,7.930214116
Southern Mallee,3,Southern Mallee,2011,14.91795127
Southern Midlands,12,Southern Midlands,6888,17.42160279
Stirling,29,Stirling,235983,1.228902082
Stonnington,12,Stonnington,106418,1.127628785
Strathbogie,19,Strathbogie,11510,16.50738488
Strathfield,8,Strathfield,46230,1.730478045
Streaky Bay,5,Streaky Bay,2257,22.15330084
Subiaco,1,Subiaco,17976,0.5562972853
Sunshine Coast,74,Sunshine Coast,355889,2.079300006
Surf Coast,14,Surf Coast,38652,3.622063541
Sutherland,40,Sutherland,231839,1.725335254
Swan,38,Swan,163817,2.319661574
Swan Hill,13,Swan Hill,21225,6.124852768
Sydney,46,Sydney,218096,2.109162937
Tablelands,19,Tablelands,26808,7.087436586
Tamworth,46,Tamworth,64522,7.129351229
Tasman,2,Tasman,2676,7.473841555
Tatiara,14,Tatiara,7038,19.89201478
Tea Tree Gully,15,Tea Tree Gully,102619,1.461717616
Temora,6,Temora,5996,10.00667111
Tenterfield,10,Tenterfield,6879,14.53699666
The Hills,28,The Hills,199244,1.40531208
Toodyay,8,Toodyay,4812,16.62510391
Toowoomba,58,Toowoomba,178399,3.2511393
Townsville,49,Townsville,198143,2.472961447
Towong,12,Towong,6196,19.36733376
Trayning,1,Trayning,304,32.89473684
Tumby Bay,3,Tumby Bay,2893,10.36985828
Tweed,45,Tweed,97969,4.593289714
Unley,4,Unley,39082,1.023489074
Upper Hunter,15,Upper Hunter,14293,10.49464773
Upper Lachlan,20,Upper Lachlan,8551,23.3890773
Uralla,6,Uralla,5985,10.02506266
Victor Harbor,8,Victor Harbor,16726,4.782972617
Victoria Daly,22,Victoria Daly,3263,67.42261722
Victoria Park,5,Victoria Park,38687,1.292423812
Victoria Plains,7,Victoria Plains,824,84.95145631
Vincent,8,Vincent,38442,2.081057177
Wagait,1,Wagait,463,21.59827214
Wagga Wagga,29,Wagga Wagga,68337,4.24367473
Wagin,5,Wagin,1809,27.63957988
Wakefield,19,Wakefield,6971,27.25577392
Walcha,11,Walcha,3010,36.5448505
Walgett,6,Walgett,5516,10.87744743
Wandering,7,Wandering,548,127.7372263
Wangaratta,24,Wangaratta,29903,8.025950574
Wanneroo,37,Wanneroo,221064,1.673723447
Waratah-Wynyard,12,Waratah-Wynyard,14689,8.169378446
Waroona,10,Waroona,4399,22.73243919
Warren,2,Warren,2578,7.757951901
Warrnambool,13,Warrnambool,35559,3.655895835
Warrumbungle,20,Warrumbungle,9246,21.63097556
Wattle Range,15,Wattle Range,12181,12.31425991
Waverley,9,Waverley,69324,1.298251688
Weddin,7,Weddin,3614,19.36912009
Weipa,1,Weipa,4215,2.372479241
Wellington,35,Wellington,45799,7.642088255
Wentworth,11,Wentworth,7597,14.47939976
West Arnhem,12,West Arnhem,7260,16.52892562
West Arthur,5,West Arthur,797,62.73525721
West Coast,8,West Coast,4351,18.3865778
West Daly,2,West Daly,3435,5.822416303
West Tamar,12,West Tamar,25932,4.627487274
West Torrens,12,West Torrens,63099,1.901773404
West Wimmera,10,West Wimmera,3942,25.36783359
Western Downs,25,Western Downs,34542,7.237565862
Westonia,2,Westonia,252,79.36507937
Whitehorse,20,Whitehorse,172466,1.159648858
Whitsunday,23,Whitsunday,38506,5.973095102
Whittlesea,35,Whittlesea,236966,1.47700514
Whyalla,7,Whyalla,21890,3.197807218
Wickepin,2,Wickepin,706,28.3286119
Williams,8,Williams,1053,75.97340931
Willoughby,13,Willoughby,75473,1.722470287
Wingecarribee,34,Wingecarribee,52795,6.440003788
Wodonga,11,Wodonga,43694,2.517508125
Wollondilly,37,Wollondilly,55801,6.630705543
Wollongong,46,Wollongong,216431,2.125388692
Wongan-Ballidu,3,Wongan-Ballidu,1338,22.42152466
Woodanilling,1,Woodanilling,470,21.27659574
Woollahra,6,Woollahra,53505,1.121390524
Wudinna,2,Wudinna,1162,17.21170396
Wyndham,44,Wyndham,309125,1.423372422
Wyndham-East Kimberley,9,Wyndham-East Kimberley,8057,11.17041082
Yankalilla,7,Yankalilla,5992,11.68224299
Yarra,14,Yarra,92301,1.516776633
Yarra Ranges,61,Yarra Ranges,157388,3.875771978
Yarrabah,1,Yarrabah,2619,3.818251241
Yarriambiack,6,Yarriambiack,6435,9.324009324
Yass Valley,26,Yass Valley,17379,14.96058461
Yilgarn,4,Yilgarn,1196,33.44481605
York,5,York,3567,14.01738155
Yorke Peninsula,11,Yorke Peninsula,11921,9.227413808
